b8x1_IMG_4415.JPG,f
e1x0_IMG_4413.JPG,f
d4x0_IMG_4413.JPG,P
a2x0_IMG_4395.JPG,f
h6x0_IMG_4397.JPG,f
f5x0_IMG_4386.JPG,f
c3x0_IMG_4414.JPG,f
b6x0_IMG_4414.JPG,f
g8x0_IMG_4387.JPG,k
d3x0_IMG_4404.JPG,f
e6x0_IMG_4404.JPG,p
a5x0_IMG_4396.JPG,P
d3x0_IMG_4410.JPG,f
e6x0_IMG_4410.JPG,f
f3x0_IMG_4395.JPG,B
g6x0_IMG_4395.JPG,f
c5x0_IMG_4413.JPG,p
b8x0_IMG_4406.JPG,f
b8x0_IMG_4412.JPG,n
h7x0_IMG_4387.JPG,p
e8x0_IMG_4402.JPG,f
e8x0_IMG_4416.JPG,f
e7x0_IMG_4414.JPG,b
d2x0_IMG_4414.JPG,f
a4x0_IMG_4386.JPG,f
b7x0_IMG_4410.JPG,f
c2x0_IMG_4410.JPG,P
g1x0_IMG_4396.JPG,f
f4x0_IMG_4396.JPG,f
b7x0_IMG_4404.JPG,p
c2x0_IMG_4404.JPG,f
h6x2_IMG_4415.JPG,f
e7x0_IMG_4398.JPG,f
d2x0_IMG_4398.JPG,f
h8x0_IMG_4409.JPG,f
b7x0_IMG_4388.JPG,f
c2x0_IMG_4388.JPG,f
c2x0_IMG_4405.JPG,f
b7x0_IMG_4405.JPG,f
f4x0_IMG_4397.JPG,f
g1x0_IMG_4397.JPG,f
c2x0_IMG_4411.JPG,f
b7x0_IMG_4411.JPG,p
d2x0_IMG_4401.JPG,N
e7x0_IMG_4401.JPG,b
a4x0_IMG_4387.JPG,f
d2x0_IMG_4415.JPG,f
e7x0_IMG_4415.JPG,b
c3x1_IMG_4412.JPG,f
b6x1_IMG_4412.JPG,f
d5x0_IMG_4402.JPG,p
d5x0_IMG_4416.JPG,f
b8x0_IMG_4413.JPG,n
c5x0_IMG_4406.JPG,f
h7x0_IMG_4386.JPG,p
c5x0_IMG_4412.JPG,f
e1x1_IMG_4415.JPG,f
d4x1_IMG_4415.JPG,f
a5x2_IMG_4415.JPG,f
a3x0_IMG_4409.JPG,f
c3x0_IMG_4398.JPG,P
b6x0_IMG_4398.JPG,f
d3x0_IMG_4388.JPG,f
e6x0_IMG_4388.JPG,p
e6x0_IMG_4411.JPG,f
d3x0_IMG_4411.JPG,P
a5x0_IMG_4397.JPG,f
e6x0_IMG_4405.JPG,p
d3x0_IMG_4405.JPG,f
b6x0_IMG_4415.JPG,f
c3x0_IMG_4415.JPG,f
h1x0_IMG_4395.JPG,f
g8x0_IMG_4386.JPG,f
e7x1_IMG_4412.JPG,q
d2x1_IMG_4412.JPG,f
f5x0_IMG_4387.JPG,f
b6x0_IMG_4401.JPG,f
c3x0_IMG_4401.JPG,f
c4x0_IMG_4416.JPG,f
h6x0_IMG_4396.JPG,p
b1x0_IMG_4416.JPG,f
c4x0_IMG_4402.JPG,f
b1x0_IMG_4402.JPG,f
d4x0_IMG_4412.JPG,b
e1x0_IMG_4412.JPG,f
c5x1_IMG_4415.JPG,f
d4x0_IMG_4406.JPG,f
e1x0_IMG_4406.JPG,Q
g1x2_IMG_4415.JPG,R
f4x2_IMG_4415.JPG,f
g7x0_IMG_4409.JPG,p
f2x0_IMG_4409.JPG,P
e1x0_IMG_4410.JPG,f
d4x0_IMG_4410.JPG,f
a2x0_IMG_4396.JPG,f
e1x0_IMG_4404.JPG,K
d4x0_IMG_4404.JPG,P
b1x0_IMG_4414.JPG,f
c4x0_IMG_4414.JPG,f
g7x0_IMG_4386.JPG,p
f2x0_IMG_4386.JPG,f
e8x1_IMG_4412.JPG,f
h1x0_IMG_4397.JPG,f
a5x0_IMG_4395.JPG,f
d3x0_IMG_4413.JPG,B
e6x0_IMG_4413.JPG,f
g8x0_IMG_4409.JPG,f
e8x0_IMG_4398.JPG,r
b8x0_IMG_4388.JPG,f
h7x0_IMG_4409.JPG,k
h1x2_IMG_4415.JPG,f
c5x0_IMG_4404.JPG,f
b8x0_IMG_4411.JPG,f
b8x0_IMG_4405.JPG,f
f3x0_IMG_4396.JPG,f
g6x0_IMG_4396.JPG,f
c5x0_IMG_4410.JPG,p
a3x0_IMG_4386.JPG,f
e8x0_IMG_4415.JPG,f
e8x0_IMG_4401.JPG,r
d5x0_IMG_4414.JPG,p
h8x0_IMG_4386.JPG,r
b7x0_IMG_4413.JPG,f
c2x0_IMG_4413.JPG,P
g1x0_IMG_4395.JPG,K
f4x0_IMG_4395.JPG,f
a4x0_IMG_4409.JPG,f
a2x2_IMG_4415.JPG,f
d3x1_IMG_4415.JPG,f
h8x0_IMG_4387.JPG,f
e6x1_IMG_4415.JPG,f
c2x0_IMG_4412.JPG,f
b7x0_IMG_4412.JPG,p
c2x0_IMG_4406.JPG,P
b7x0_IMG_4406.JPG,p
d2x0_IMG_4416.JPG,f
e7x0_IMG_4416.JPG,b
d2x0_IMG_4402.JPG,f
e7x0_IMG_4402.JPG,f
b1x1_IMG_4412.JPG,K
c4x1_IMG_4412.JPG,p
d5x0_IMG_4415.JPG,f
a3x0_IMG_4387.JPG,f
d5x0_IMG_4401.JPG,p
e8x0_IMG_4414.JPG,f
b8x0_IMG_4404.JPG,f
c5x0_IMG_4411.JPG,b
g6x0_IMG_4397.JPG,p
f3x0_IMG_4397.JPG,P
c5x0_IMG_4405.JPG,f
b8x0_IMG_4410.JPG,f
c5x0_IMG_4388.JPG,f
d5x0_IMG_4398.JPG,f
f5x0_IMG_4409.JPG,f
f3x2_IMG_4415.JPG,P
g6x2_IMG_4415.JPG,f
e6x0_IMG_4406.JPG,b
d3x0_IMG_4406.JPG,f
b7x1_IMG_4415.JPG,f
c2x1_IMG_4415.JPG,f
e6x0_IMG_4412.JPG,f
d3x0_IMG_4412.JPG,f
b6x0_IMG_4402.JPG,f
c3x0_IMG_4402.JPG,P
b6x0_IMG_4416.JPG,f
h1x0_IMG_4396.JPG,f
c3x0_IMG_4416.JPG,f
c4x0_IMG_4401.JPG,f
b1x0_IMG_4401.JPG,f
f2x0_IMG_4387.JPG,P
g7x0_IMG_4387.JPG,p
d5x1_IMG_4412.JPG,f
h6x0_IMG_4395.JPG,p
c4x0_IMG_4415.JPG,f
b1x0_IMG_4415.JPG,f
d4x0_IMG_4405.JPG,P
e1x0_IMG_4405.JPG,f
a2x0_IMG_4397.JPG,f
d4x0_IMG_4411.JPG,f
e1x0_IMG_4411.JPG,K
e1x0_IMG_4388.JPG,f
d4x0_IMG_4388.JPG,P
b1x0_IMG_4398.JPG,f
c4x0_IMG_4398.JPG,f
e1x0_IMG_4398.JPG,f
d4x0_IMG_4398.JPG,f
b1x0_IMG_4388.JPG,f
c4x0_IMG_4388.JPG,P
h8x2_IMG_4415.JPG,f
f2x0_IMG_4397.JPG,f
g7x0_IMG_4397.JPG,f
c4x0_IMG_4411.JPG,B
b1x0_IMG_4411.JPG,N
c4x0_IMG_4405.JPG,P
b1x0_IMG_4405.JPG,f
d4x0_IMG_4415.JPG,f
e1x0_IMG_4415.JPG,f
c5x1_IMG_4412.JPG,f
d4x0_IMG_4401.JPG,f
e1x0_IMG_4401.JPG,R
a2x0_IMG_4387.JPG,P
e6x0_IMG_4416.JPG,f
d3x0_IMG_4416.JPG,f
e6x0_IMG_4402.JPG,f
d3x0_IMG_4402.JPG,n
b6x0_IMG_4412.JPG,f
c3x0_IMG_4412.JPG,f
e7x1_IMG_4415.JPG,b
d2x1_IMG_4415.JPG,f
g8x0_IMG_4395.JPG,f
b6x0_IMG_4406.JPG,f
h1x0_IMG_4386.JPG,f
c3x0_IMG_4406.JPG,N
a3x2_IMG_4415.JPG,P
a5x0_IMG_4409.JPG,f
c5x0_IMG_4398.JPG,p
d5x0_IMG_4388.JPG,f
e8x0_IMG_4410.JPG,r
d5x0_IMG_4405.JPG,f
d5x0_IMG_4411.JPG,f
a3x0_IMG_4397.JPG,f
e8x0_IMG_4404.JPG,k
b8x0_IMG_4414.JPG,f
g6x0_IMG_4387.JPG,f
f3x0_IMG_4387.JPG,N
c5x0_IMG_4401.JPG,f
h7x0_IMG_4395.JPG,f
c5x0_IMG_4415.JPG,f
e1x1_IMG_4412.JPG,f
d4x1_IMG_4412.JPG,f
h8x0_IMG_4397.JPG,f
c2x0_IMG_4402.JPG,f
b7x0_IMG_4402.JPG,f
c2x0_IMG_4416.JPG,f
b7x0_IMG_4416.JPG,f
d2x0_IMG_4406.JPG,f
e7x0_IMG_4406.JPG,b
d2x0_IMG_4412.JPG,P
e7x0_IMG_4412.JPG,n
c3x1_IMG_4415.JPG,f
b6x1_IMG_4415.JPG,f
g7x2_IMG_4415.JPG,p
f2x2_IMG_4415.JPG,P
g1x0_IMG_4409.JPG,f
f4x0_IMG_4409.JPG,f
e7x0_IMG_4413.JPG,b
d2x0_IMG_4413.JPG,f
a4x0_IMG_4395.JPG,f
h8x0_IMG_4396.JPG,f
c5x0_IMG_4414.JPG,f
b8x0_IMG_4401.JPG,f
b8x0_IMG_4415.JPG,f
f3x0_IMG_4386.JPG,f
g6x0_IMG_4386.JPG,f
a3x0_IMG_4396.JPG,f
d5x0_IMG_4410.JPG,f
e8x0_IMG_4405.JPG,n
e8x0_IMG_4411.JPG,r
d5x0_IMG_4404.JPG,p
e8x0_IMG_4388.JPG,n
b8x0_IMG_4398.JPG,f
h1x0_IMG_4387.JPG,f
f5x0_IMG_4395.JPG,P
c3x0_IMG_4413.JPG,P
b6x0_IMG_4413.JPG,p
a2x0_IMG_4386.JPG,P
b8x1_IMG_4412.JPG,f
e1x0_IMG_4414.JPG,R
d4x0_IMG_4414.JPG,p
b1x0_IMG_4404.JPG,f
c4x0_IMG_4404.JPG,P
b1x0_IMG_4410.JPG,K
c4x0_IMG_4410.JPG,P
g7x0_IMG_4396.JPG,p
f2x0_IMG_4396.JPG,f
h6x0_IMG_4409.JPG,f
a2x0_IMG_4409.JPG,P
a4x2_IMG_4415.JPG,f
c4x0_IMG_4406.JPG,f
h6x0_IMG_4386.JPG,f
b1x0_IMG_4406.JPG,f
d5x1_IMG_4415.JPG,f
c4x0_IMG_4412.JPG,P
b1x0_IMG_4412.JPG,f
d4x0_IMG_4402.JPG,N
e1x0_IMG_4402.JPG,f
d4x0_IMG_4416.JPG,f
e1x0_IMG_4416.JPG,f
a5x0_IMG_4387.JPG,f
e6x0_IMG_4401.JPG,f
d3x0_IMG_4401.JPG,f
b7x1_IMG_4412.JPG,f
c2x1_IMG_4412.JPG,P
e6x0_IMG_4415.JPG,f
d3x0_IMG_4415.JPG,f
b6x0_IMG_4405.JPG,f
c3x0_IMG_4405.JPG,f
g8x0_IMG_4396.JPG,f
b6x0_IMG_4411.JPG,f
c3x0_IMG_4411.JPG,P
f5x0_IMG_4397.JPG,N
c3x0_IMG_4388.JPG,f
b6x0_IMG_4388.JPG,f
d3x0_IMG_4398.JPG,P
e6x0_IMG_4398.JPG,f
f3x0_IMG_4409.JPG,f
g6x0_IMG_4409.JPG,f
f5x2_IMG_4415.JPG,f
b1x1_IMG_4415.JPG,f
c4x1_IMG_4415.JPG,f
d5x0_IMG_4412.JPG,f
d5x0_IMG_4406.JPG,f
e8x0_IMG_4413.JPG,f
c5x0_IMG_4416.JPG,f
h7x0_IMG_4396.JPG,k
c5x0_IMG_4402.JPG,f
d3x1_IMG_4412.JPG,B
e6x1_IMG_4412.JPG,p
c2x0_IMG_4415.JPG,P
b7x0_IMG_4415.JPG,f
c2x0_IMG_4401.JPG,P
b7x0_IMG_4401.JPG,n
f4x0_IMG_4387.JPG,f
g1x0_IMG_4387.JPG,K
a4x0_IMG_4397.JPG,P
d2x0_IMG_4411.JPG,f
e7x0_IMG_4411.JPG,f
d2x0_IMG_4405.JPG,f
e7x0_IMG_4405.JPG,q
e7x0_IMG_4388.JPG,q
d2x0_IMG_4388.JPG,f
b7x0_IMG_4398.JPG,f
c2x0_IMG_4398.JPG,B
e7x0_IMG_4404.JPG,b
d2x0_IMG_4404.JPG,f
e7x0_IMG_4410.JPG,f
d2x0_IMG_4410.JPG,f
a4x0_IMG_4396.JPG,f
g1x0_IMG_4386.JPG,K
f4x0_IMG_4386.JPG,f
h8x0_IMG_4395.JPG,r
b7x0_IMG_4414.JPG,p
c2x0_IMG_4414.JPG,P
b8x0_IMG_4416.JPG,f
b8x0_IMG_4402.JPG,f
h7x0_IMG_4397.JPG,n
e8x0_IMG_4412.JPG,r
e8x0_IMG_4406.JPG,f
a3x0_IMG_4395.JPG,P
d5x0_IMG_4413.JPG,p
g8x2_IMG_4415.JPG,k
h1x0_IMG_4409.JPG,R
h7x2_IMG_4415.JPG,p
f5x0_IMG_4396.JPG,f
c3x0_IMG_4410.JPG,f
b6x0_IMG_4410.JPG,f
c3x0_IMG_4404.JPG,N
b6x0_IMG_4404.JPG,f
g8x0_IMG_4397.JPG,k
d3x0_IMG_4414.JPG,B
e6x0_IMG_4414.JPG,p
a5x0_IMG_4386.JPG,f
b1x0_IMG_4413.JPG,R
c4x0_IMG_4413.JPG,f
g7x0_IMG_4395.JPG,p
f2x0_IMG_4395.JPG,f
e8x1_IMG_4415.JPG,f
h6x0_IMG_4387.JPG,f
e5x0_IMG_4388.JPG,B
b5x0_IMG_4398.JPG,f
c8x0_IMG_4414.JPG,B
f6x0_IMG_4387.JPG,n
g3x0_IMG_4387.JPG,N
b5x0_IMG_4401.JPG,f
h2x0_IMG_4395.JPG,P
b5x0_IMG_4415.JPG,f
d1x1_IMG_4412.JPG,R
e4x1_IMG_4412.JPG,f
d8x0_IMG_4410.JPG,q
e5x0_IMG_4405.JPG,B
e5x0_IMG_4411.JPG,p
a6x0_IMG_4397.JPG,p
d8x0_IMG_4404.JPG,q
e2x0_IMG_4406.JPG,B
d7x0_IMG_4406.JPG,f
e2x0_IMG_4412.JPG,f
d7x0_IMG_4412.JPG,f
b3x1_IMG_4415.JPG,f
c6x1_IMG_4415.JPG,f
b2x0_IMG_4402.JPG,f
c7x0_IMG_4402.JPG,f
b2x0_IMG_4416.JPG,f
c7x0_IMG_4416.JPG,f
h5x0_IMG_4396.JPG,f
f7x2_IMG_4415.JPG,p
g2x2_IMG_4415.JPG,f
f1x0_IMG_4409.JPG,f
g4x0_IMG_4409.JPG,f
c1x0_IMG_4388.JPG,K
b4x0_IMG_4388.JPG,f
d1x0_IMG_4398.JPG,R
e4x0_IMG_4398.JPG,P
e4x0_IMG_4415.JPG,f
d1x0_IMG_4415.JPG,R
b5x1_IMG_4412.JPG,f
e4x0_IMG_4401.JPG,f
d1x0_IMG_4401.JPG,f
a7x0_IMG_4387.JPG,p
g2x0_IMG_4397.JPG,f
f7x0_IMG_4397.JPG,q
b4x0_IMG_4411.JPG,f
c1x0_IMG_4411.JPG,B
b4x0_IMG_4405.JPG,f
c1x0_IMG_4405.JPG,K
c6x0_IMG_4412.JPG,p
b3x0_IMG_4412.JPG,f
d7x1_IMG_4415.JPG,f
e2x1_IMG_4415.JPG,f
f8x0_IMG_4395.JPG,f
c6x0_IMG_4406.JPG,f
h4x0_IMG_4386.JPG,f
b3x0_IMG_4406.JPG,f
d6x0_IMG_4416.JPG,f
e3x0_IMG_4416.JPG,f
d6x0_IMG_4402.JPG,f
e3x0_IMG_4402.JPG,R
a6x2_IMG_4415.JPG,f
a8x0_IMG_4409.JPG,r
h4x0_IMG_4387.JPG,f
g5x0_IMG_4395.JPG,f
b3x0_IMG_4413.JPG,f
c6x0_IMG_4413.JPG,f
c1x0_IMG_4404.JPG,f
b4x0_IMG_4404.JPG,f
c1x0_IMG_4410.JPG,f
b4x0_IMG_4410.JPG,f
f7x0_IMG_4396.JPG,f
g2x0_IMG_4396.JPG,K
a7x0_IMG_4386.JPG,p
c8x1_IMG_4412.JPG,f
d1x0_IMG_4414.JPG,f
e4x0_IMG_4414.JPG,f
h5x2_IMG_4415.JPG,f
h3x0_IMG_4409.JPG,f
h5x0_IMG_4397.JPG,p
d7x0_IMG_4413.JPG,f
e2x0_IMG_4413.JPG,f
a1x0_IMG_4395.JPG,f
a6x0_IMG_4396.JPG,f
e5x0_IMG_4410.JPG,f
d8x0_IMG_4405.JPG,f
d8x0_IMG_4411.JPG,q
e5x0_IMG_4404.JPG,f
b5x0_IMG_4414.JPG,f
c8x0_IMG_4401.JPG,f
c8x0_IMG_4415.JPG,f
g3x0_IMG_4386.JPG,f
f6x0_IMG_4386.JPG,f
c8x0_IMG_4398.JPG,b
d8x0_IMG_4388.JPG,f
g3x0_IMG_4409.JPG,f
f6x0_IMG_4409.JPG,f
g5x2_IMG_4415.JPG,f
h2x0_IMG_4396.JPG,f
b5x0_IMG_4416.JPG,f
b5x0_IMG_4402.JPG,f
c1x1_IMG_4415.JPG,f
b4x1_IMG_4415.JPG,f
e5x0_IMG_4412.JPG,f
e5x0_IMG_4406.JPG,p
d8x0_IMG_4413.JPG,q
a1x0_IMG_4397.JPG,f
e2x0_IMG_4411.JPG,f
d7x0_IMG_4411.JPG,p
e2x0_IMG_4405.JPG,f
d7x0_IMG_4405.JPG,b
e3x1_IMG_4412.JPG,f
d6x1_IMG_4412.JPG,f
b2x0_IMG_4415.JPG,P
h5x0_IMG_4395.JPG,f
c7x0_IMG_4415.JPG,f
b2x0_IMG_4401.JPG,B
c7x0_IMG_4401.JPG,f
g4x0_IMG_4387.JPG,f
f1x0_IMG_4387.JPG,f
c7x0_IMG_4398.JPG,q
b2x0_IMG_4398.JPG,P
d7x0_IMG_4388.JPG,b
e2x0_IMG_4388.JPG,f
a7x0_IMG_4409.JPG,p
a1x2_IMG_4415.JPG,R
e4x0_IMG_4402.JPG,p
d1x0_IMG_4402.JPG,Q
e4x0_IMG_4416.JPG,f
d1x0_IMG_4416.JPG,R
b4x0_IMG_4406.JPG,f
h3x0_IMG_4386.JPG,f
c1x0_IMG_4406.JPG,f
e5x1_IMG_4415.JPG,f
b4x0_IMG_4412.JPG,p
c1x0_IMG_4412.JPG,K
c6x0_IMG_4405.JPG,p
b3x0_IMG_4405.JPG,f
f8x0_IMG_4396.JPG,f
c6x0_IMG_4411.JPG,n
b3x0_IMG_4411.JPG,f
g5x0_IMG_4397.JPG,P
d6x0_IMG_4401.JPG,f
e3x0_IMG_4401.JPG,f
a8x0_IMG_4386.JPG,r
c7x1_IMG_4412.JPG,f
b2x1_IMG_4412.JPG,P
d6x0_IMG_4415.JPG,f
e3x0_IMG_4415.JPG,f
e3x0_IMG_4398.JPG,f
d6x0_IMG_4398.JPG,p
b3x0_IMG_4388.JPG,f
c6x0_IMG_4388.JPG,p
h4x0_IMG_4409.JPG,P
h2x2_IMG_4415.JPG,K
a8x0_IMG_4387.JPG,q
e3x0_IMG_4414.JPG,f
d6x0_IMG_4414.JPG,f
g5x0_IMG_4396.JPG,f
b3x0_IMG_4410.JPG,f
c6x0_IMG_4410.JPG,f
b3x0_IMG_4404.JPG,f
c6x0_IMG_4404.JPG,p
f8x0_IMG_4397.JPG,b
c1x0_IMG_4413.JPG,B
b4x0_IMG_4413.JPG,f
f7x0_IMG_4395.JPG,p
g2x0_IMG_4395.JPG,f
d8x1_IMG_4415.JPG,f
h3x0_IMG_4387.JPG,f
f1x0_IMG_4386.JPG,R
g4x0_IMG_4386.JPG,P
c7x0_IMG_4414.JPG,f
b2x0_IMG_4414.JPG,P
d7x0_IMG_4404.JPG,n
e2x0_IMG_4404.JPG,f
d7x0_IMG_4410.JPG,p
e2x0_IMG_4410.JPG,f
a1x0_IMG_4396.JPG,f
d8x0_IMG_4412.JPG,q
d8x0_IMG_4406.JPG,f
a6x0_IMG_4395.JPG,p
e5x0_IMG_4413.JPG,P
c8x0_IMG_4416.JPG,f
c8x0_IMG_4402.JPG,f
h2x0_IMG_4397.JPG,f
f8x2_IMG_4415.JPG,r
a8x2_IMG_4415.JPG,r
d8x0_IMG_4402.JPG,f
d8x0_IMG_4416.JPG,f
g3x0_IMG_4395.JPG,f
f6x0_IMG_4395.JPG,f
b5x0_IMG_4413.JPG,f
c8x0_IMG_4406.JPG,f
c8x0_IMG_4412.JPG,f
h2x0_IMG_4387.JPG,P
c7x0_IMG_4410.JPG,f
b2x0_IMG_4410.JPG,P
f1x0_IMG_4396.JPG,f
g4x0_IMG_4396.JPG,f
c7x0_IMG_4404.JPG,f
b2x0_IMG_4404.JPG,P
d7x0_IMG_4414.JPG,f
e2x0_IMG_4414.JPG,f
a1x0_IMG_4386.JPG,R
h3x2_IMG_4415.JPG,P
h5x0_IMG_4409.JPG,f
h3x0_IMG_4397.JPG,f
c8x1_IMG_4415.JPG,f
d1x0_IMG_4413.JPG,Q
e4x0_IMG_4413.JPG,f
a7x0_IMG_4395.JPG,f
a8x0_IMG_4397.JPG,f
e3x0_IMG_4404.JPG,P
d6x0_IMG_4404.JPG,f
e3x0_IMG_4410.JPG,f
d6x0_IMG_4410.JPG,f
g5x0_IMG_4386.JPG,f
b3x0_IMG_4414.JPG,f
c6x0_IMG_4414.JPG,n
f8x0_IMG_4387.JPG,f
e3x0_IMG_4388.JPG,P
d6x0_IMG_4388.JPG,f
b3x0_IMG_4398.JPG,f
c6x0_IMG_4398.JPG,f
h4x0_IMG_4395.JPG,f
c6x0_IMG_4415.JPG,p
b3x0_IMG_4415.JPG,f
f8x0_IMG_4386.JPG,b
d7x1_IMG_4412.JPG,n
e2x1_IMG_4412.JPG,f
g5x0_IMG_4387.JPG,f
c6x0_IMG_4401.JPG,p
b3x0_IMG_4401.JPG,P
d6x0_IMG_4411.JPG,f
e3x0_IMG_4411.JPG,f
a8x0_IMG_4396.JPG,f
d6x0_IMG_4405.JPG,f
e3x0_IMG_4405.JPG,P
e4x0_IMG_4412.JPG,f
d1x0_IMG_4412.JPG,R
b5x1_IMG_4415.JPG,f
e4x0_IMG_4406.JPG,P
d1x0_IMG_4406.JPG,f
b4x0_IMG_4416.JPG,f
h3x0_IMG_4396.JPG,P
c1x0_IMG_4416.JPG,f
b4x0_IMG_4402.JPG,f
c1x0_IMG_4402.JPG,f
f1x2_IMG_4415.JPG,f
g4x2_IMG_4415.JPG,f
f7x0_IMG_4409.JPG,p
g2x0_IMG_4409.JPG,P
c7x0_IMG_4388.JPG,f
b2x0_IMG_4388.JPG,P
d7x0_IMG_4398.JPG,f
e2x0_IMG_4398.JPG,f
e2x0_IMG_4401.JPG,Q
d7x0_IMG_4401.JPG,b
a1x0_IMG_4387.JPG,f
e2x0_IMG_4415.JPG,f
d7x0_IMG_4415.JPG,f
b3x1_IMG_4412.JPG,f
c6x1_IMG_4412.JPG,b
b2x0_IMG_4405.JPG,P
c7x0_IMG_4405.JPG,f
g4x0_IMG_4397.JPG,f
f1x0_IMG_4397.JPG,K
b2x0_IMG_4411.JPG,P
c7x0_IMG_4411.JPG,p
c8x0_IMG_4413.JPG,f
h2x0_IMG_4386.JPG,P
b5x0_IMG_4406.JPG,f
b5x0_IMG_4412.JPG,f
d1x1_IMG_4415.JPG,R
e4x1_IMG_4415.JPG,f
e5x0_IMG_4402.JPG,f
e5x0_IMG_4416.JPG,f
a6x0_IMG_4409.JPG,f
c8x0_IMG_4388.JPG,f
h2x0_IMG_4409.JPG,f
h4x2_IMG_4415.JPG,f
d8x0_IMG_4398.JPG,f
a6x0_IMG_4386.JPG,f
d8x0_IMG_4415.JPG,f
d8x0_IMG_4401.JPG,q
e5x0_IMG_4414.JPG,P
b5x0_IMG_4404.JPG,f
c8x0_IMG_4411.JPG,b
c8x0_IMG_4405.JPG,f
g3x0_IMG_4396.JPG,P
f6x0_IMG_4396.JPG,f
b5x0_IMG_4410.JPG,p
h5x0_IMG_4387.JPG,f
c7x0_IMG_4413.JPG,f
b2x0_IMG_4413.JPG,f
f1x0_IMG_4395.JPG,R
g4x0_IMG_4395.JPG,P
c1x0_IMG_4414.JPG,B
b4x0_IMG_4414.JPG,f
f7x0_IMG_4386.JPG,p
g2x0_IMG_4386.JPG,P
d8x1_IMG_4412.JPG,r
d1x0_IMG_4410.JPG,R
e4x0_IMG_4410.JPG,N
a7x0_IMG_4396.JPG,f
d1x0_IMG_4404.JPG,Q
e4x0_IMG_4404.JPG,n
e3x0_IMG_4413.JPG,f
d6x0_IMG_4413.JPG,f
h4x0_IMG_4397.JPG,f
f8x0_IMG_4409.JPG,r
g5x0_IMG_4409.JPG,N
g3x2_IMG_4415.JPG,f
f6x2_IMG_4415.JPG,f
c6x0_IMG_4402.JPG,p
b3x0_IMG_4402.JPG,P
c6x0_IMG_4416.JPG,f
h4x0_IMG_4396.JPG,f
b3x0_IMG_4416.JPG,f
d6x0_IMG_4406.JPG,p
e3x0_IMG_4406.JPG,B
a8x0_IMG_4395.JPG,f
c7x1_IMG_4415.JPG,f
b2x1_IMG_4415.JPG,f
d6x0_IMG_4412.JPG,f
e3x0_IMG_4412.JPG,f
e4x0_IMG_4405.JPG,f
d1x0_IMG_4405.JPG,f
a7x0_IMG_4397.JPG,f
e4x0_IMG_4411.JPG,P
d1x0_IMG_4411.JPG,f
b4x0_IMG_4401.JPG,f
c1x0_IMG_4401.JPG,f
g2x0_IMG_4387.JPG,P
f7x0_IMG_4387.JPG,p
e5x1_IMG_4412.JPG,B
b4x0_IMG_4415.JPG,r
c1x0_IMG_4415.JPG,K
h3x0_IMG_4395.JPG,f
c1x0_IMG_4398.JPG,B
b4x0_IMG_4398.JPG,p
d1x0_IMG_4388.JPG,f
e4x0_IMG_4388.JPG,f
a1x0_IMG_4409.JPG,R
a7x2_IMG_4415.JPG,p
e2x0_IMG_4416.JPG,f
d7x0_IMG_4416.JPG,f
e2x0_IMG_4402.JPG,f
d7x0_IMG_4402.JPG,b
e3x1_IMG_4415.JPG,f
d6x1_IMG_4415.JPG,f
b2x0_IMG_4412.JPG,B
c7x0_IMG_4412.JPG,f
b2x0_IMG_4406.JPG,P
c7x0_IMG_4406.JPG,q
h5x0_IMG_4386.JPG,f
c8x0_IMG_4404.JPG,b
b5x0_IMG_4411.JPG,f
f6x0_IMG_4397.JPG,f
g3x0_IMG_4397.JPG,f
b5x0_IMG_4405.JPG,p
c8x0_IMG_4410.JPG,b
c1x1_IMG_4412.JPG,f
b4x1_IMG_4412.JPG,f
e5x0_IMG_4415.JPG,f
a6x0_IMG_4387.JPG,f
e5x0_IMG_4401.JPG,f
d8x0_IMG_4414.JPG,q
e5x0_IMG_4398.JPG,p
b5x0_IMG_4388.JPG,p
h2x0_IMG_4405.JPG,f
h2x0_IMG_4411.JPG,f
h3x1_IMG_4412.JPG,f
e5x0_IMG_4395.JPG,p
a6x0_IMG_4413.JPG,f
c8x0_IMG_4409.JPG,f
h2x0_IMG_4388.JPG,f
a1x0_IMG_4404.JPG,R
a1x0_IMG_4410.JPG,f
d7x0_IMG_4396.JPG,f
e2x0_IMG_4396.JPG,f
h5x0_IMG_4406.JPG,f
c7x0_IMG_4386.JPG,p
b2x0_IMG_4386.JPG,P
a8x1_IMG_4412.JPG,r
h5x0_IMG_4412.JPG,f
f1x0_IMG_4414.JPG,f
g4x0_IMG_4414.JPG,Q
f7x0_IMG_4413.JPG,p
g2x0_IMG_4413.JPG,P
h3x0_IMG_4415.JPG,f
c1x0_IMG_4395.JPG,B
b4x0_IMG_4395.JPG,P
h3x0_IMG_4401.JPG,f
h3x0_IMG_4398.JPG,f
a8x0_IMG_4398.JPG,r
f8x0_IMG_4388.JPG,f
f8x0_IMG_4405.JPG,f
b3x0_IMG_4396.JPG,f
h4x0_IMG_4416.JPG,f
c6x0_IMG_4396.JPG,n
g5x0_IMG_4410.JPG,f
h4x0_IMG_4402.JPG,f
g5x0_IMG_4404.JPG,f
f8x0_IMG_4411.JPG,f
a8x0_IMG_4401.JPG,r
h5x1_IMG_4415.JPG,f
e3x0_IMG_4386.JPG,f
d6x0_IMG_4386.JPG,f
a8x0_IMG_4415.JPG,f
d6x0_IMG_4387.JPG,p
e3x0_IMG_4387.JPG,f
a8x0_IMG_4414.JPG,r
f1x1_IMG_4412.JPG,f
g4x1_IMG_4412.JPG,f
g5x0_IMG_4405.JPG,R
f8x0_IMG_4410.JPG,n
f8x0_IMG_4404.JPG,f
g5x0_IMG_4411.JPG,P
c6x0_IMG_4397.JPG,f
b3x0_IMG_4397.JPG,f
g5x0_IMG_4388.JPG,R
d1x0_IMG_4409.JPG,Q
e4x0_IMG_4409.JPG,f
d7x2_IMG_4415.JPG,f
e2x2_IMG_4415.JPG,f
g2x0_IMG_4406.JPG,P
f7x0_IMG_4406.JPG,p
a6x1_IMG_4415.JPG,f
h3x0_IMG_4414.JPG,f
g2x0_IMG_4412.JPG,P
f7x0_IMG_4412.JPG,p
a7x0_IMG_4402.JPG,p
a7x0_IMG_4416.JPG,f
g4x0_IMG_4415.JPG,f
f1x0_IMG_4415.JPG,f
h5x0_IMG_4413.JPG,b
g4x0_IMG_4401.JPG,f
f1x0_IMG_4401.JPG,f
b2x0_IMG_4387.JPG,B
c7x0_IMG_4387.JPG,f
e2x0_IMG_4397.JPG,f
d7x0_IMG_4397.JPG,f
a1x0_IMG_4411.JPG,R
a1x0_IMG_4405.JPG,f
a1x0_IMG_4388.JPG,f
f1x0_IMG_4398.JPG,f
g4x0_IMG_4398.JPG,f
b5x0_IMG_4409.JPG,f
b3x2_IMG_4415.JPG,f
c6x2_IMG_4415.JPG,n
f7x1_IMG_4415.JPG,p
g2x1_IMG_4415.JPG,f
a6x0_IMG_4412.JPG,f
a6x0_IMG_4406.JPG,f
d8x0_IMG_4395.JPG,f
h2x0_IMG_4410.JPG,P
f6x0_IMG_4416.JPG,p
g3x0_IMG_4416.JPG,f
h2x0_IMG_4404.JPG,f
f6x0_IMG_4402.JPG,f
g3x0_IMG_4402.JPG,f
g3x0_IMG_4414.JPG,f
f6x0_IMG_4414.JPG,f
h2x0_IMG_4412.JPG,f
c8x0_IMG_4387.JPG,r
b5x0_IMG_4386.JPG,f
h2x0_IMG_4406.JPG,P
e5x0_IMG_4396.JPG,f
a6x0_IMG_4410.JPG,p
d8x0_IMG_4397.JPG,f
a6x0_IMG_4404.JPG,f
h5x0_IMG_4388.JPG,f
a1x0_IMG_4413.JPG,f
d7x0_IMG_4395.JPG,f
e2x0_IMG_4395.JPG,f
h4x1_IMG_4412.JPG,Q
f8x1_IMG_4415.JPG,r
h5x0_IMG_4411.JPG,f
h5x0_IMG_4405.JPG,f
d1x0_IMG_4386.JPG,Q
e4x0_IMG_4386.JPG,n
a7x0_IMG_4414.JPG,p
h2x1_IMG_4415.JPG,f
f7x0_IMG_4404.JPG,p
g2x0_IMG_4404.JPG,P
h3x0_IMG_4402.JPG,f
f7x0_IMG_4410.JPG,p
g2x0_IMG_4410.JPG,P
c1x0_IMG_4396.JPG,f
h3x0_IMG_4416.JPG,f
b4x0_IMG_4396.JPG,f
d8x2_IMG_4415.JPG,q
h4x0_IMG_4398.JPG,f
f8x0_IMG_4412.JPG,f
h4x0_IMG_4401.JPG,f
b3x0_IMG_4395.JPG,f
c6x0_IMG_4395.JPG,f
h4x0_IMG_4415.JPG,Q
g5x0_IMG_4413.JPG,f
f8x0_IMG_4406.JPG,r
a8x0_IMG_4416.JPG,f
a8x0_IMG_4402.JPG,r
g5x0_IMG_4412.JPG,f
h4x0_IMG_4414.JPG,P
a1x1_IMG_4415.JPG,f
f8x0_IMG_4413.JPG,r
g5x0_IMG_4406.JPG,f
e5x2_IMG_4415.JPG,f
e3x0_IMG_4409.JPG,f
d6x0_IMG_4409.JPG,f
a7x0_IMG_4398.JPG,f
f7x0_IMG_4388.JPG,r
g2x0_IMG_4388.JPG,f
b4x0_IMG_4397.JPG,f
c1x0_IMG_4397.JPG,f
g2x0_IMG_4411.JPG,P
f7x0_IMG_4411.JPG,Q
g2x0_IMG_4405.JPG,f
f7x0_IMG_4405.JPG,r
a7x0_IMG_4415.JPG,p
g3x1_IMG_4412.JPG,f
f6x1_IMG_4412.JPG,f
a7x0_IMG_4401.JPG,p
e4x0_IMG_4387.JPG,f
d1x0_IMG_4387.JPG,f
g4x0_IMG_4402.JPG,f
f1x0_IMG_4402.JPG,N
h5x0_IMG_4404.JPG,f
g4x0_IMG_4416.JPG,f
f1x0_IMG_4416.JPG,f
h5x0_IMG_4410.JPG,f
a1x0_IMG_4406.JPG,R
a1x0_IMG_4412.JPG,f
g5x1_IMG_4415.JPG,f
c1x2_IMG_4415.JPG,f
b4x2_IMG_4415.JPG,f
c7x0_IMG_4409.JPG,p
b2x0_IMG_4409.JPG,P
g3x0_IMG_4398.JPG,f
f6x0_IMG_4398.JPG,n
a6x0_IMG_4388.JPG,f
d8x0_IMG_4396.JPG,r
a6x0_IMG_4405.JPG,f
a6x0_IMG_4411.JPG,f
e5x0_IMG_4397.JPG,p
b5x0_IMG_4387.JPG,f
f6x0_IMG_4401.JPG,f
g3x0_IMG_4401.JPG,f
h2x0_IMG_4413.JPG,f
f6x0_IMG_4415.JPG,n
g3x0_IMG_4415.JPG,f
c8x0_IMG_4386.JPG,f
a7x1_IMG_4412.JPG,p
d8x0_IMG_4386.JPG,q
f7x1_IMG_4412.JPG,p
g2x1_IMG_4412.JPG,f
a6x0_IMG_4415.JPG,f
e5x0_IMG_4387.JPG,f
a6x0_IMG_4401.JPG,f
f6x0_IMG_4411.JPG,f
g3x0_IMG_4411.JPG,f
b5x0_IMG_4397.JPG,f
f6x0_IMG_4405.JPG,f
g3x0_IMG_4405.JPG,f
c8x0_IMG_4396.JPG,f
g3x0_IMG_4388.JPG,f
f6x0_IMG_4388.JPG,f
a6x0_IMG_4398.JPG,p
d7x0_IMG_4409.JPG,p
e2x0_IMG_4409.JPG,f
d1x2_IMG_4415.JPG,f
e4x2_IMG_4415.JPG,P
h5x0_IMG_4414.JPG,f
g4x0_IMG_4412.JPG,f
f1x0_IMG_4412.JPG,B
g4x0_IMG_4406.JPG,f
f1x0_IMG_4406.JPG,R
a1x0_IMG_4416.JPG,f
a1x0_IMG_4402.JPG,R
g2x0_IMG_4401.JPG,P
f7x0_IMG_4401.JPG,p
b4x0_IMG_4387.JPG,f
c1x0_IMG_4387.JPG,R
a6x1_IMG_4412.JPG,f
g2x0_IMG_4415.JPG,f
f7x0_IMG_4415.JPG,p
h3x0_IMG_4413.JPG,P
a7x0_IMG_4405.JPG,f
e4x0_IMG_4397.JPG,P
d1x0_IMG_4397.JPG,f
a7x0_IMG_4411.JPG,p
a7x0_IMG_4388.JPG,f
f7x0_IMG_4398.JPG,p
g2x0_IMG_4398.JPG,P
b3x0_IMG_4409.JPG,f
c6x0_IMG_4409.JPG,n
b5x2_IMG_4415.JPG,f
a8x0_IMG_4413.JPG,r
f1x1_IMG_4415.JPG,f
g4x1_IMG_4415.JPG,f
h4x0_IMG_4404.JPG,f
g5x0_IMG_4402.JPG,f
h4x0_IMG_4410.JPG,f
g5x0_IMG_4416.JPG,f
f8x0_IMG_4402.JPG,r
h4x0_IMG_4411.JPG,f
h4x0_IMG_4405.JPG,f
f8x0_IMG_4416.JPG,r
h5x1_IMG_4412.JPG,f
a8x0_IMG_4406.JPG,r
e3x0_IMG_4395.JPG,f
d6x0_IMG_4395.JPG,p
a8x0_IMG_4412.JPG,r
h4x0_IMG_4388.JPG,f
c8x2_IMG_4415.JPG,f
a7x0_IMG_4410.JPG,f
d1x0_IMG_4396.JPG,f
e4x0_IMG_4396.JPG,f
a7x0_IMG_4404.JPG,p
h3x0_IMG_4412.JPG,Q
f7x0_IMG_4414.JPG,p
g2x0_IMG_4414.JPG,P
c1x0_IMG_4386.JPG,B
h3x0_IMG_4406.JPG,f
b4x0_IMG_4386.JPG,f
a8x1_IMG_4415.JPG,f
h5x0_IMG_4401.JPG,f
f1x0_IMG_4413.JPG,R
g4x0_IMG_4413.JPG,f
c7x0_IMG_4395.JPG,f
h5x0_IMG_4415.JPG,f
b2x0_IMG_4395.JPG,f
h5x0_IMG_4398.JPG,f
h2x0_IMG_4402.JPG,P
g3x0_IMG_4404.JPG,f
f6x0_IMG_4404.JPG,f
c8x0_IMG_4397.JPG,f
b5x0_IMG_4396.JPG,N
h2x0_IMG_4416.JPG,f
g3x0_IMG_4410.JPG,B
f6x0_IMG_4410.JPG,b
e5x0_IMG_4386.JPG,f
h3x1_IMG_4415.JPG,f
d8x0_IMG_4387.JPG,f
a6x0_IMG_4414.JPG,f
a6x0_IMG_4402.JPG,f
a6x0_IMG_4416.JPG,f
c8x0_IMG_4395.JPG,r
f6x0_IMG_4406.JPG,n
g3x0_IMG_4406.JPG,f
f6x0_IMG_4412.JPG,f
g3x0_IMG_4412.JPG,f
h2x0_IMG_4414.JPG,f
a7x1_IMG_4415.JPG,f
e3x2_IMG_4415.JPG,f
d6x2_IMG_4415.JPG,p
e5x0_IMG_4409.JPG,P
a1x0_IMG_4398.JPG,R
f1x0_IMG_4388.JPG,B
g4x0_IMG_4388.JPG,f
g4x0_IMG_4405.JPG,f
f1x0_IMG_4405.JPG,B
b2x0_IMG_4397.JPG,f
c7x0_IMG_4397.JPG,f
g4x0_IMG_4411.JPG,f
f1x0_IMG_4411.JPG,f
a1x0_IMG_4401.JPG,R
e2x0_IMG_4387.JPG,Q
d7x0_IMG_4387.JPG,n
a1x0_IMG_4415.JPG,f
g5x1_IMG_4412.JPG,P
g2x0_IMG_4416.JPG,f
f7x0_IMG_4416.JPG,p
h3x0_IMG_4410.JPG,f
g2x0_IMG_4402.JPG,P
f7x0_IMG_4402.JPG,f
h3x0_IMG_4404.JPG,P
a7x0_IMG_4412.JPG,f
g3x1_IMG_4415.JPG,f
f6x1_IMG_4415.JPG,p
a7x0_IMG_4406.JPG,p
c7x2_IMG_4415.JPG,p
b2x2_IMG_4415.JPG,B
c1x0_IMG_4409.JPG,B
b4x0_IMG_4409.JPG,f
g5x0_IMG_4398.JPG,f
d6x0_IMG_4397.JPG,p
e3x0_IMG_4397.JPG,f
a8x0_IMG_4404.JPG,r
a8x0_IMG_4410.JPG,r
h4x0_IMG_4413.JPG,f
g5x0_IMG_4415.JPG,B
a1x1_IMG_4412.JPG,f
f8x0_IMG_4414.JPG,r
c6x0_IMG_4387.JPG,f
b3x0_IMG_4387.JPG,P
g5x0_IMG_4401.JPG,f
f8x0_IMG_4415.JPG,r
b3x0_IMG_4386.JPG,B
h4x0_IMG_4406.JPG,f
c6x0_IMG_4386.JPG,f
g5x0_IMG_4414.JPG,f
h4x0_IMG_4412.JPG,f
f8x0_IMG_4401.JPG,f
a8x0_IMG_4411.JPG,r
e3x0_IMG_4396.JPG,P
d6x0_IMG_4396.JPG,f
a8x0_IMG_4405.JPG,r
a8x0_IMG_4388.JPG,r
f8x0_IMG_4398.JPG,b
h3x0_IMG_4388.JPG,P
a7x0_IMG_4413.JPG,p
d1x0_IMG_4395.JPG,R
e4x0_IMG_4395.JPG,f
h2x1_IMG_4412.JPG,P
h3x0_IMG_4405.JPG,P
h3x0_IMG_4411.JPG,f
a1x0_IMG_4414.JPG,R
h4x1_IMG_4415.JPG,f
d7x0_IMG_4386.JPG,f
e2x0_IMG_4386.JPG,f
f8x1_IMG_4412.JPG,f
f1x0_IMG_4410.JPG,f
g4x0_IMG_4410.JPG,Q
h5x0_IMG_4416.JPG,f
c7x0_IMG_4396.JPG,f
b2x0_IMG_4396.JPG,f
f1x0_IMG_4404.JPG,B
g4x0_IMG_4404.JPG,f
h5x0_IMG_4402.JPG,f
d8x0_IMG_4409.JPG,q
h2x0_IMG_4398.JPG,P
b5x0_IMG_4395.JPG,p
h2x0_IMG_4415.JPG,P
g3x0_IMG_4413.JPG,f
f6x0_IMG_4413.JPG,f
h2x0_IMG_4401.JPG,P
a2x0_IMG_4405.JPG,f
d4x0_IMG_4397.JPG,f
e1x0_IMG_4397.JPG,f
a2x0_IMG_4411.JPG,P
f2x0_IMG_4401.JPG,P
g7x0_IMG_4401.JPG,p
c4x0_IMG_4387.JPG,P
b1x0_IMG_4387.JPG,f
a3x1_IMG_4412.JPG,f
f2x0_IMG_4415.JPG,P
g7x0_IMG_4415.JPG,p
h6x0_IMG_4413.JPG,f
g7x0_IMG_4398.JPG,p
f2x0_IMG_4398.JPG,P
a2x0_IMG_4388.JPG,f
c3x0_IMG_4409.JPG,f
b6x0_IMG_4409.JPG,f
c5x2_IMG_4415.JPG,f
h1x0_IMG_4404.JPG,R
f5x0_IMG_4402.JPG,f
h1x0_IMG_4410.JPG,R
f5x0_IMG_4416.JPG,f
a5x0_IMG_4406.JPG,f
h8x1_IMG_4412.JPG,f
g1x1_IMG_4415.JPG,f
f4x1_IMG_4415.JPG,f
a5x0_IMG_4412.JPG,f
g6x0_IMG_4411.JPG,f
f3x0_IMG_4411.JPG,f
c5x0_IMG_4397.JPG,p
g6x0_IMG_4405.JPG,f
f3x0_IMG_4405.JPG,P
b8x0_IMG_4396.JPG,f
e8x0_IMG_4386.JPG,k
g7x1_IMG_4412.JPG,p
f2x1_IMG_4412.JPG,P
a3x0_IMG_4415.JPG,f
d5x0_IMG_4387.JPG,f
a3x0_IMG_4401.JPG,f
a3x0_IMG_4398.JPG,f
f3x0_IMG_4388.JPG,P
g6x0_IMG_4388.JPG,f
h8x0_IMG_4398.JPG,f
e7x0_IMG_4409.JPG,b
d2x0_IMG_4409.JPG,f
e1x2_IMG_4415.JPG,f
d4x2_IMG_4415.JPG,f
a4x0_IMG_4416.JPG,f
a4x0_IMG_4402.JPG,f
h8x0_IMG_4401.JPG,f
a5x1_IMG_4415.JPG,f
f4x0_IMG_4412.JPG,f
g1x0_IMG_4412.JPG,f
f4x0_IMG_4406.JPG,P
g1x0_IMG_4406.JPG,K
h8x0_IMG_4415.JPG,f
h8x0_IMG_4414.JPG,f
g1x0_IMG_4413.JPG,K
f4x0_IMG_4413.JPG,f
b7x0_IMG_4395.JPG,q
c2x0_IMG_4395.JPG,P
d5x0_IMG_4386.JPG,p
h6x1_IMG_4415.JPG,B
e8x0_IMG_4387.JPG,r
a3x0_IMG_4414.JPG,P
h7x0_IMG_4402.JPG,p
f3x0_IMG_4404.JPG,N
g6x0_IMG_4404.JPG,f
b8x0_IMG_4397.JPG,f
h7x0_IMG_4416.JPG,p
c5x0_IMG_4396.JPG,P
f3x0_IMG_4410.JPG,N
g6x0_IMG_4410.JPG,f
d3x0_IMG_4395.JPG,Q
e6x0_IMG_4395.JPG,f
a5x0_IMG_4413.JPG,f
g8x0_IMG_4402.JPG,k
h1x0_IMG_4411.JPG,R
h1x0_IMG_4405.JPG,f
g8x0_IMG_4416.JPG,k
h1x0_IMG_4388.JPG,f
b8x2_IMG_4415.JPG,f
h6x0_IMG_4412.JPG,f
g7x0_IMG_4414.JPG,p
f2x0_IMG_4414.JPG,P
b1x0_IMG_4386.JPG,N
h6x0_IMG_4406.JPG,f
c4x0_IMG_4386.JPG,f
a2x0_IMG_4410.JPG,P
e1x0_IMG_4396.JPG,f
d4x0_IMG_4396.JPG,f
a2x0_IMG_4404.JPG,P
a2x0_IMG_4412.JPG,P
f3x1_IMG_4415.JPG,f
g6x1_IMG_4415.JPG,f
a2x0_IMG_4406.JPG,P
f2x0_IMG_4416.JPG,f
g7x0_IMG_4416.JPG,f
h6x0_IMG_4410.JPG,f
f2x0_IMG_4402.JPG,f
g7x0_IMG_4402.JPG,p
h6x0_IMG_4404.JPG,f
b7x2_IMG_4415.JPG,p
c2x2_IMG_4415.JPG,B
b1x0_IMG_4409.JPG,N
c4x0_IMG_4409.JPG,f
a5x0_IMG_4388.JPG,p
f5x0_IMG_4398.JPG,N
h1x0_IMG_4413.JPG,f
f5x0_IMG_4415.JPG,f
a4x1_IMG_4412.JPG,f
g8x0_IMG_4414.JPG,k
b6x0_IMG_4387.JPG,p
c3x0_IMG_4387.JPG,f
f5x0_IMG_4401.JPG,f
a5x0_IMG_4411.JPG,f
e6x0_IMG_4397.JPG,r
d3x0_IMG_4397.JPG,f
a5x0_IMG_4405.JPG,p
b8x0_IMG_4395.JPG,f
g6x0_IMG_4406.JPG,f
f3x0_IMG_4406.JPG,f
g6x0_IMG_4412.JPG,p
f3x0_IMG_4412.JPG,f
h7x0_IMG_4414.JPG,p
a2x1_IMG_4415.JPG,f
a3x0_IMG_4402.JPG,f
a3x0_IMG_4416.JPG,f
d3x2_IMG_4415.JPG,n
e6x2_IMG_4415.JPG,f
d5x0_IMG_4409.JPG,n
g1x0_IMG_4388.JPG,R
f4x0_IMG_4388.JPG,f
a4x0_IMG_4398.JPG,P
a4x0_IMG_4401.JPG,f
d2x0_IMG_4387.JPG,f
e7x0_IMG_4387.JPG,b
a4x0_IMG_4415.JPG,N
f5x1_IMG_4412.JPG,f
h8x0_IMG_4416.JPG,f
f4x0_IMG_4405.JPG,f
g1x0_IMG_4405.JPG,R
c2x0_IMG_4397.JPG,f
b7x0_IMG_4397.JPG,f
f4x0_IMG_4411.JPG,f
g1x0_IMG_4411.JPG,f
h8x0_IMG_4402.JPG,f
g1x0_IMG_4410.JPG,f
f4x0_IMG_4410.JPG,f
b7x0_IMG_4396.JPG,f
c2x0_IMG_4396.JPG,R
g1x0_IMG_4404.JPG,f
f4x0_IMG_4404.JPG,B
a4x0_IMG_4414.JPG,f
h1x1_IMG_4415.JPG,f
e7x0_IMG_4386.JPG,f
d2x0_IMG_4386.JPG,P
g8x1_IMG_4412.JPG,k
h7x0_IMG_4398.JPG,f
e8x0_IMG_4409.JPG,f
c5x0_IMG_4395.JPG,f
h7x0_IMG_4415.JPG,p
f3x0_IMG_4413.JPG,N
g6x0_IMG_4413.JPG,f
h7x0_IMG_4401.JPG,p
a5x0_IMG_4404.JPG,f
d3x0_IMG_4396.JPG,f
e6x0_IMG_4396.JPG,f
a5x0_IMG_4410.JPG,f
g8x0_IMG_4415.JPG,k
c3x0_IMG_4386.JPG,f
h1x0_IMG_4406.JPG,f
b6x0_IMG_4386.JPG,f
f5x0_IMG_4414.JPG,f
h1x0_IMG_4412.JPG,R
g8x0_IMG_4401.JPG,k
g8x0_IMG_4398.JPG,k
h6x0_IMG_4388.JPG,f
h6x0_IMG_4405.JPG,f
h6x0_IMG_4411.JPG,f
a2x0_IMG_4413.JPG,P
e1x0_IMG_4395.JPG,f
d4x0_IMG_4395.JPG,f
h7x1_IMG_4412.JPG,f
g7x0_IMG_4413.JPG,p
f2x0_IMG_4413.JPG,f
b1x0_IMG_4395.JPG,f
c4x0_IMG_4395.JPG,n
h6x0_IMG_4415.JPG,f
h6x0_IMG_4401.JPG,f
h6x0_IMG_4398.JPG,p
g8x0_IMG_4388.JPG,k
a5x0_IMG_4414.JPG,f
d3x0_IMG_4386.JPG,p
e6x0_IMG_4386.JPG,f
g8x0_IMG_4405.JPG,k
c3x0_IMG_4396.JPG,f
h1x0_IMG_4416.JPG,f
b6x0_IMG_4396.JPG,f
f5x0_IMG_4410.JPG,P
h1x0_IMG_4402.JPG,f
f5x0_IMG_4404.JPG,f
g8x0_IMG_4411.JPG,f
h6x1_IMG_4412.JPG,p
d5x0_IMG_4395.JPG,P
a3x0_IMG_4413.JPG,f
h7x0_IMG_4405.JPG,p
h7x0_IMG_4411.JPG,n
b8x0_IMG_4409.JPG,f
h7x0_IMG_4388.JPG,p
b7x0_IMG_4386.JPG,p
c2x0_IMG_4386.JPG,P
h8x0_IMG_4413.JPG,f
g1x0_IMG_4414.JPG,K
f4x0_IMG_4414.JPG,f
a4x0_IMG_4404.JPG,f
a4x0_IMG_4410.JPG,f
e7x0_IMG_4396.JPG,f
d2x0_IMG_4396.JPG,f
d2x0_IMG_4397.JPG,B
e7x0_IMG_4397.JPG,f
a4x0_IMG_4411.JPG,f
a4x0_IMG_4405.JPG,f
a5x1_IMG_4412.JPG,f
h8x0_IMG_4406.JPG,f
f4x0_IMG_4415.JPG,f
g1x0_IMG_4415.JPG,R
f4x0_IMG_4401.JPG,f
g1x0_IMG_4401.JPG,K
c2x0_IMG_4387.JPG,f
b7x0_IMG_4387.JPG,b
h8x0_IMG_4412.JPG,f
g1x0_IMG_4398.JPG,K
f4x0_IMG_4398.JPG,f
a4x0_IMG_4388.JPG,f
c5x0_IMG_4409.JPG,f
c3x2_IMG_4415.JPG,f
b6x2_IMG_4415.JPG,f
h7x0_IMG_4410.JPG,p
g6x0_IMG_4416.JPG,f
f3x0_IMG_4416.JPG,f
h7x0_IMG_4404.JPG,p
g6x0_IMG_4402.JPG,q
f3x0_IMG_4402.JPG,P
g7x1_IMG_4415.JPG,f
f2x1_IMG_4415.JPG,f
a3x0_IMG_4412.JPG,f
a3x0_IMG_4406.JPG,f
e8x0_IMG_4395.JPG,k
f5x0_IMG_4405.JPG,p
g8x0_IMG_4410.JPG,k
g8x0_IMG_4404.JPG,f
f5x0_IMG_4411.JPG,f
b6x0_IMG_4397.JPG,f
c3x0_IMG_4397.JPG,P
e6x0_IMG_4387.JPG,p
h8x1_IMG_4415.JPG,f
d3x0_IMG_4387.JPG,B
a5x0_IMG_4401.JPG,f
g1x1_IMG_4412.JPG,R
f4x1_IMG_4412.JPG,f
a5x0_IMG_4415.JPG,q
a5x0_IMG_4398.JPG,f
f5x0_IMG_4388.JPG,p
e1x0_IMG_4409.JPG,K
d4x0_IMG_4409.JPG,P
e7x2_IMG_4415.JPG,f
d2x2_IMG_4415.JPG,f
a2x0_IMG_4402.JPG,P
a2x0_IMG_4416.JPG,f
f2x0_IMG_4406.JPG,f
g7x0_IMG_4406.JPG,p
a3x1_IMG_4415.JPG,f
h6x0_IMG_4414.JPG,f
f2x0_IMG_4412.JPG,P
g7x0_IMG_4412.JPG,f
g7x0_IMG_4404.JPG,p
f2x0_IMG_4404.JPG,P
h6x0_IMG_4402.JPG,f
g7x0_IMG_4410.JPG,p
f2x0_IMG_4410.JPG,f
b1x0_IMG_4396.JPG,f
h6x0_IMG_4416.JPG,B
c4x0_IMG_4396.JPG,f
e1x0_IMG_4386.JPG,f
d4x0_IMG_4386.JPG,f
a2x0_IMG_4414.JPG,f
h7x1_IMG_4415.JPG,p
h1x0_IMG_4398.JPG,f
e8x2_IMG_4415.JPG,f
g8x0_IMG_4412.JPG,k
h1x0_IMG_4401.JPG,f
h1x0_IMG_4415.JPG,f
c3x0_IMG_4395.JPG,f
b6x0_IMG_4395.JPG,f
f5x0_IMG_4413.JPG,f
g8x0_IMG_4406.JPG,k
d5x0_IMG_4396.JPG,f
a3x0_IMG_4410.JPG,f
e8x0_IMG_4397.JPG,f
a3x0_IMG_4404.JPG,f
f3x0_IMG_4414.JPG,N
g6x0_IMG_4414.JPG,n
h7x0_IMG_4412.JPG,f
b8x0_IMG_4387.JPG,f
h7x0_IMG_4406.JPG,p
c5x0_IMG_4386.JPG,f
h8x0_IMG_4404.JPG,R
h8x0_IMG_4410.JPG,f
a4x0_IMG_4413.JPG,f
e7x0_IMG_4395.JPG,b
d2x0_IMG_4395.JPG,f
h1x1_IMG_4412.JPG,f
g8x1_IMG_4415.JPG,k
a4x0_IMG_4406.JPG,f
a4x0_IMG_4412.JPG,f
f5x1_IMG_4415.JPG,f
h8x0_IMG_4411.JPG,k
f4x0_IMG_4402.JPG,f
g1x0_IMG_4402.JPG,K
f4x0_IMG_4416.JPG,f
g1x0_IMG_4416.JPG,f
h8x0_IMG_4405.JPG,f
h8x0_IMG_4388.JPG,f
b1x2_IMG_4415.JPG,f
c4x2_IMG_4415.JPG,f
b7x0_IMG_4409.JPG,p
c2x0_IMG_4409.JPG,P
a3x0_IMG_4388.JPG,P
f3x0_IMG_4398.JPG,Q
g6x0_IMG_4398.JPG,f
c5x0_IMG_4387.JPG,f
g6x0_IMG_4401.JPG,f
f3x0_IMG_4401.JPG,N
h7x0_IMG_4413.JPG,p
g6x0_IMG_4415.JPG,f
f3x0_IMG_4415.JPG,P
b8x0_IMG_4386.JPG,f
a2x1_IMG_4412.JPG,P
e8x0_IMG_4396.JPG,f
a3x0_IMG_4405.JPG,P
a3x0_IMG_4411.JPG,f
d5x0_IMG_4397.JPG,Q
f5x0_IMG_4412.JPG,f
h1x0_IMG_4414.JPG,f
a4x1_IMG_4415.JPG,f
g8x0_IMG_4413.JPG,k
f5x0_IMG_4406.JPG,f
a5x0_IMG_4416.JPG,f
a5x0_IMG_4402.JPG,f
d5x2_IMG_4415.JPG,f
d3x0_IMG_4409.JPG,f
e6x0_IMG_4409.JPG,p
g7x0_IMG_4388.JPG,p
f2x0_IMG_4388.JPG,Q
a2x0_IMG_4398.JPG,f
a2x0_IMG_4415.JPG,P
f3x1_IMG_4412.JPG,f
g6x1_IMG_4412.JPG,f
a2x0_IMG_4401.JPG,P
d4x0_IMG_4387.JPG,P
e1x0_IMG_4387.JPG,R
c4x0_IMG_4397.JPG,P
b1x0_IMG_4397.JPG,R
f2x0_IMG_4411.JPG,P
g7x0_IMG_4411.JPG,p
f2x0_IMG_4405.JPG,Q
g7x0_IMG_4405.JPG,p
